gene,cancer_expression,normal_expression,fold_change
BRCA1,15.2,8.7,6.5
TP53,22.1,9.3,12.8
EGFR,18.5,10.2,8.3
HER2,25.7,8.9,16.799999999999997
KRAS,12.3,11.1,1.200000000000001
